group,total_respondents,language,count,percent
"All Respondents",31771,"JavaScript",20982,66.0
"All Respondents",31771,"HTML/CSS",19676,61.9
"All Respondents",31771,"SQL",18610,58.6
"All Respondents",31771,"Python",18381,57.9
"All Respondents",31771,"Bash/Shell",15482,48.7
"All Respondents",31771,"TypeScript",13850,43.6
"All Respondents",31771,"Java",9341,29.4
"All Respondents",31771,"C#",8842,27.8
"All Respondents",31771,"C++",7477,23.5
"All Respondents",31771,"PowerShell",7362,23.2
"All Respondents",31771,"C",6977,22.0
"All Respondents",31771,"PHP",5988,18.9
"All Respondents",31771,"Go",5211,16.4
"All Respondents",31771,"Rust",4716,14.8
"All Respondents",31771,"Kotlin",3417,10.8
"All Respondents",31771,"Lua",2906,9.2
"All Respondents",31771,"Assembly",2243,7.1
"All Respondents",31771,"Ruby",2046,6.4
"All Respondents",31771,"Dart",1881,5.9
"All Respondents",31771,"Swift",1718,5.4
"All Respondents",31771,"R",1568,4.9
"All Respondents",31771,"Groovy",1532,4.8
"All Respondents",31771,"Visual Basic (.Net)",1408,4.4
"All Respondents",31771,"VBA",1333,4.2
"All Respondents",31771,"MATLAB",1230,3.9
"All Respondents",31771,"Perl",1215,3.8
"All Respondents",31771,"GDScript",1059,3.3
"All Respondents",31771,"Elixir",847,2.7
"All Respondents",31771,"Scala",842,2.6
"All Respondents",31771,"Delphi",795,2.5
"All Respondents",31771,"Lisp",751,2.4
"All Respondents",31771,"MicroPython",720,2.3
"All Respondents",31771,"Zig",678,2.1
"All Respondents",31771,"Erlang",464,1.5
"All Respondents",31771,"Fortran",448,1.4
"All Respondents",31771,"Ada",430,1.4
"All Respondents",31771,"F#",405,1.3
"All Respondents",31771,"OCaml",367,1.2
"All Respondents",31771,"Gleam",353,1.1
"All Respondents",31771,"Prolog",337,1.1
"All Respondents",31771,"COBOL",308,1.0
"All Respondents",31771,"Mojo",144,0.4
"Professional Developers",24759,"JavaScript",17030,68.8
"Professional Developers",24759,"HTML/CSS",15601,63.0
"Professional Developers",24759,"SQL",15188,61.3
"Professional Developers",24759,"Python",13577,54.8
"Professional Developers",24759,"Bash/Shell",12086,48.8
"Professional Developers",24759,"TypeScript",12077,48.8
"Professional Developers",24759,"C#",7399,29.9
"Professional Developers",24759,"Java",7336,29.6
"Professional Developers",24759,"PowerShell",5715,23.1
"Professional Developers",24759,"C++",5391,21.8
"Professional Developers",24759,"C",4736,19.1
"Professional Developers",24759,"PHP",4720,19.1
"Professional Developers",24759,"Go",4297,17.4
"Professional Developers",24759,"Rust",3586,14.5
"Professional Developers",24759,"Kotlin",2848,11.5
"Professional Developers",24759,"Lua",2117,8.6
"Professional Developers",24759,"Ruby",1697,6.9
"Professional Developers",24759,"Dart",1517,6.1
"Professional Developers",24759,"Assembly",1421,5.7
"Professional Developers",24759,"Swift",1411,5.7
"Professional Developers",24759,"Groovy",1299,5.3
"Professional Developers",24759,"Visual Basic (.Net)",1023,4.1
"Professional Developers",24759,"Perl",852,3.4
"Professional Developers",24759,"R",821,3.3
"Professional Developers",24759,"VBA",814,3.3
"Professional Developers",24759,"GDScript",714,2.9
"Professional Developers",24759,"Scala",697,2.8
"Professional Developers",24759,"Elixir",688,2.8
"Professional Developers",24759,"MATLAB",659,2.7
"Professional Developers",24759,"Delphi",617,2.5
"Professional Developers",24759,"Lisp",486,2.0
"Professional Developers",24759,"Zig",464,1.9
"Professional Developers",24759,"MicroPython",418,1.7
"Professional Developers",24759,"Erlang",361,1.5
"Professional Developers",24759,"F#",298,1.2
"Professional Developers",24759,"Ada",248,1.0
"Professional Developers",24759,"Gleam",244,1.0
"Professional Developers",24759,"Fortran",230,0.9
"Professional Developers",24759,"OCaml",221,0.9
"Professional Developers",24759,"Prolog",204,0.8
"Professional Developers",24759,"COBOL",189,0.8
"Professional Developers",24759,"Mojo",78,0.3
"Learning to Code",2564,"Python",1840,71.8
"Learning to Code",2564,"HTML/CSS",1709,66.6
"Learning to Code",2564,"JavaScript",1611,62.8
"Learning to Code",2564,"C",1232,48.0
"Learning to Code",2564,"Bash/Shell",1205,47.0
"Learning to Code",2564,"SQL",1163,45.4
"Learning to Code",2564,"C++",1143,44.6
"Learning to Code",2564,"Java",1047,40.8
"Learning to Code",2564,"TypeScript",819,31.9
"Learning to Code",2564,"C#",591,23.1
"Learning to Code",2564,"Rust",591,23.1
"Learning to Code",2564,"Assembly",497,19.4
"Learning to Code",2564,"PowerShell",491,19.1
"Learning to Code",2564,"Lua",385,15.0
"Learning to Code",2564,"PHP",372,14.5
"Learning to Code",2564,"Go",336,13.1
"Learning to Code",2564,"Kotlin",276,10.8
"Learning to Code",2564,"MATLAB",262,10.2
"Learning to Code",2564,"R",219,8.5
"Learning to Code",2564,"GDScript",210,8.2
"Learning to Code",2564,"Dart",201,7.8
"Learning to Code",2564,"Zig",125,4.9
"Learning to Code",2564,"Visual Basic (.Net)",118,4.6
"Learning to Code",2564,"MicroPython",116,4.5
"Learning to Code",2564,"Lisp",106,4.1
"Learning to Code",2564,"Swift",99,3.9
"Learning to Code",2564,"Ruby",94,3.7
"Learning to Code",2564,"VBA",86,3.4
"Learning to Code",2564,"OCaml",85,3.3
"Learning to Code",2564,"Prolog",77,3.0
"Learning to Code",2564,"Ada",76,3.0
"Learning to Code",2564,"Elixir",64,2.5
"Learning to Code",2564,"Scala",61,2.4
"Learning to Code",2564,"Gleam",53,2.1
"Learning to Code",2564,"Groovy",52,2.0
"Learning to Code",2564,"Fortran",51,2.0
"Learning to Code",2564,"F#",49,1.9
"Learning to Code",2564,"Perl",49,1.9
"Learning to Code",2564,"Delphi",43,1.7
"Learning to Code",2564,"Erlang",40,1.6
"Learning to Code",2564,"COBOL",35,1.4
"Learning to Code",2564,"Mojo",27,1.1
